{
	"columns": [
		2008.0,
		2009.0,
		2010.0,
		2011.0,
		2012.0,
		2013.0,
		2014.0,
		2015.0,
		2016.0
	],
	"index": ["medicaid_percent", "drug_sum"],

	"data": [
			[
			20.5227898783695,
			21.9426586527299,
			22.2247089433275,
			23.802270895575,
			23.9051055342749,
			24.3223411090619,
			26.5210641509469,
			27.9348080983105,
			28.7097686626795,
			28.9651196220617
		],
		[
			272.99,
			259.89,
			322.66,
			318.43,
			286.05,
			271.89,
			337.07,
			415.43,
			404.88
		]
	]
}